build,blocks,op,total_ms,share_pct,calls,ms_per_call
20260925-993baf141,3,"MUL_MAT_ID ffn_moe_gate",4357.3,17.8,493,8.84
20260925-993baf141,3,"MUL_MAT_ID ffn_moe_down",4287.8,17.5,493,8.70
20260925-993baf141,3,"FLASH_ATTN_EXT node_*",4190.3,17.1,123,34.07
20260925-993baf141,3,"MUL_MAT_ID ffn_moe_up",3600.5,14.7,493,7.30
20260925-993baf141,3,"CONT  (permuted) (cont)",3256.5,13.3,246,13.24
20260925-993baf141,3,"MUL_MAT mtp_eh_proj",1152.1,4.7,10,115.21
20260925-993baf141,3,"CPY attn_inp_kq_mask (copy)",485.6,2.0,123,3.95
20260925-993baf141,3,"ADD indexer_score_tokens",310.9,1.3,123,2.53
20260925-993baf141,3,"MUL_MAT linear_attn_out",251.6,1.0,370,0.68
20260925-993baf141,3,"MUL_MAT z",221.5,0.9,370,0.60
20260925-993baf141,3,"MUL ffn_moe_weighted",213.6,0.9,493,0.43
20260925-993baf141,3,"DSV4_HC_PRE hc_mixed",212.8,0.9,986,0.22
20260925-993baf141,3,"TOP_K node_*",204.4,0.8,63,3.24
20260925-993baf141,3,"MUL_MAT hc_gate",172.5,0.7,996,0.17
20260925-993baf141,3,"DSV4_HC_POST hc_combine",170.1,0.7,493,0.35
20260925-993baf141,3,"DSV4_HC_POST l_last",157.3,0.6,483,0.33
20260925-993baf141,3,"MUL_MAT hc_inject",148.5,0.6,996,0.15
20260925-993baf141,3,"MUL_MAT Qcur_full",135.6,0.6,123,1.10
20260925-993baf141,3,"CONT  (view) (cont)",133.9,0.5,503,0.27
20260925-993baf141,3,"ADD+ indexer_score",104.6,0.4,123,0.85
20260925-993baf141,3,"MUL_MAT ffn_moe_logits",87.1,0.4,493,0.18
20260925-993baf141,3,"MUL_MAT attn_output",82.5,0.3,120,0.69
20260925-993baf141,3,"SWIGLU ffn_moe_swiglu",80.0,0.3,493,0.16
20260925-993baf141,3,"SSM_CONV+ conv_output_raw",73.2,0.3,370,0.20
20260925-993baf141,3,"MUL_MAT ffn_gate",69.9,0.3,480,0.15
20260925-993baf141,3,"RMS_NORM+ norm",58.7,0.2,870,0.07
20260925-993baf141,3,"MUL_MAT ffn_up",54.4,0.2,480,0.11
20260925-993baf141,3,"ARGSORT ffn_moe_argsort",43.4,0.2,350,0.12
20260925-993baf141,3,"MUL_MAT ffn_shexp",41.1,0.2,480,0.09
20260925-993baf141,3,"GATED_DELTA_NET+ node_*",32.3,0.1,10,3.23
"20260926-85b26781b (grouped MoE + in-place I/O, before eh_proj)",4,"FLASH_ATTN_EXT node_*",9885.4,32.8,255,38.77
"20260926-85b26781b (grouped MoE + in-place I/O, before eh_proj)",4,"MUL_MAT_ID ffn_moe_down",3641.4,12.1,1021,3.57
"20260926-85b26781b (grouped MoE + in-place I/O, before eh_proj)",4,"MUL_MAT_ID ffn_moe_gate",3569.2,11.8,1021,3.50
"20260926-85b26781b (grouped MoE + in-place I/O, before eh_proj)",4,"MUL_MAT_ID ffn_moe_up",3490.5,11.6,1021,3.42
"20260926-85b26781b (grouped MoE + in-place I/O, before eh_proj)",4,"MUL_MAT mtp_eh_proj",2531.8,8.4,22,115.08
"20260926-85b26781b (grouped MoE + in-place I/O, before eh_proj)",4,"CPY attn_inp_kq_mask (copy)",1119.1,3.7,255,4.39
"20260926-85b26781b (grouped MoE + in-place I/O, before eh_proj)",4,"MUL_MAT linear_attn_out",510.7,1.7,766,0.67
"20260926-85b26781b (grouped MoE + in-place I/O, before eh_proj)",4,"MUL_MAT z",468.7,1.6,766,0.61
"20260926-85b26781b (grouped MoE + in-place I/O, before eh_proj)",4,"MUL ffn_moe_weighted",464.1,1.5,1021,0.45
"20260926-85b26781b (grouped MoE + in-place I/O, before eh_proj)",4,"TOP_K node_*",459.4,1.5,135,3.40
"20260926-85b26781b (grouped MoE + in-place I/O, before eh_proj)",4,"DSV4_HC_PRE hc_mixed",439.7,1.5,2042,0.22
"20260926-85b26781b (grouped MoE + in-place I/O, before eh_proj)",4,"DSV4_HC_POST hc_combine",361.2,1.2,1021,0.35
"20260926-85b26781b (grouped MoE + in-place I/O, before eh_proj)",4,"MUL_MAT hc_gate",358.5,1.2,2064,0.17
"20260926-85b26781b (grouped MoE + in-place I/O, before eh_proj)",4,"DSV4_HC_POST l_last",346.7,1.2,1000,0.35
"20260926-85b26781b (grouped MoE + in-place I/O, before eh_proj)",4,"CONT  (view) (cont)",293.1,1.0,1042,0.28
"20260926-85b26781b (grouped MoE + in-place I/O, before eh_proj)",4,"MUL_MAT hc_inject",291.7,1.0,2064,0.14
"20260926-85b26781b (grouped MoE + in-place I/O, before eh_proj)",4,"MUL_MAT Qcur_full",281.6,0.9,255,1.10
"20260926-85b26781b (grouped MoE + in-place I/O, before eh_proj)",4,"ADD+ indexer_score",222.3,0.7,255,0.87
"20260926-85b26781b (grouped MoE + in-place I/O, before eh_proj)",4,"MUL_MAT attn_output",175.8,0.6,255,0.69
"20260926-85b26781b (grouped MoE + in-place I/O, before eh_proj)",4,"MUL_MAT ffn_moe_logits",175.1,0.6,1021,0.17
"20260926-85b26781b (grouped MoE + in-place I/O, before eh_proj)",4,"SSM_CONV+ conv_output_raw",153.6,0.5,766,0.20
"20260926-85b26781b (grouped MoE + in-place I/O, before eh_proj)",4,"SWIGLU ffn_moe_swiglu",151.7,0.5,1021,0.15
"20260926-85b26781b (grouped MoE + in-place I/O, before eh_proj)",4,"MUL_MAT ffn_gate",142.5,0.5,1021,0.14
"20260926-85b26781b (grouped MoE + in-place I/O, before eh_proj)",4,"MUL_MAT ffn_up",126.5,0.4,1021,0.12
"20260926-85b26781b (grouped MoE + in-place I/O, before eh_proj)",4,"RMS_NORM+ norm",125.5,0.4,1830,0.07
"20260926-85b26781b (grouped MoE + in-place I/O, before eh_proj)",4,"ADD node_*",120.2,0.4,44,2.73
"20260926-85b26781b (grouped MoE + in-place I/O, before eh_proj)",4,"ARGSORT ffn_moe_argsort",94.4,0.3,735,0.13
"20260926-85b26781b (grouped MoE + in-place I/O, before eh_proj)",4,"MUL_MAT ffn_shexp",87.3,0.3,1008,0.09
"20260926-85b26781b (grouped MoE + in-place I/O, before eh_proj)",4,"CONT gate_reshaped",23.1,0.1,87,0.27
"20260926-85b26781b (grouped MoE + in-place I/O, before eh_proj)",4,"GATED_DELTA_NET+ node_*",11.3,0.0,10,1.13
