run_start_utc,n_tokens,elapsed_s,tok_per_s
2026-09-25T20:41:20+00:00,30720,80.67,380.81
2026-09-25T20:41:20+00:00,61440,167.75,366.25
2026-09-25T20:41:20+00:00,92160,275.23,334.85
2026-09-25T20:41:20+00:00,122880,400.04,307.17
2026-09-25T20:51:36+00:00,30720,81.06,379.0
2026-09-25T20:51:36+00:00,61440,168.98,363.59
2026-09-25T20:51:36+00:00,92160,277.34,332.3
2026-09-25T20:51:36+00:00,122880,402.95,304.95
2026-09-25T21:01:39+00:00,30720,65.06,472.21
2026-09-25T21:01:39+00:00,61440,142.29,431.79
2026-09-25T21:01:39+00:00,92160,234.63,392.79
2026-09-25T21:01:39+00:00,122880,348.89,352.2
2026-09-25T21:20:06+00:00,30720,80.14,383.33
2026-09-25T21:20:06+00:00,61440,166.43,369.17
2026-09-25T21:20:06+00:00,92160,272.74,337.9
2026-09-25T21:20:06+00:00,122880,396.27,310.09
2026-09-25T21:33:10+00:00,30720,78.69,390.37
2026-09-25T21:33:10+00:00,61440,165.4,371.47
2026-09-25T21:33:10+00:00,92160,271.78,339.1
2026-09-25T21:33:10+00:00,122880,393.59,312.2
2026-09-25T21:51:42+00:00,30720,50.47,608.67
2026-09-25T21:53:19+00:00,30720,73.01,420.76
2026-09-25T21:53:19+00:00,61440,156.65,392.21
2026-09-25T21:53:19+00:00,92160,259.93,354.56
2026-09-25T21:53:19+00:00,122880,380.48,322.96
2026-09-25T22:16:58+00:00,30720,69.5,441.99
2026-09-25T22:16:58+00:00,61440,155.83,394.28
2026-09-25T22:16:58+00:00,92160,261.16,352.89
2026-09-25T22:16:58+00:00,122880,383.1,320.75
2026-09-25T22:31:30+00:00,30720,50.16,612.44
2026-09-25T23:07:49+00:00,30720,78.96,389.06
2026-09-25T23:07:49+00:00,61440,165.94,370.25
2026-09-25T23:07:49+00:00,92160,273.4,337.08
2026-09-25T23:07:49+00:00,122880,397.21,309.36
2026-09-25T23:23:27+00:00,30720,80.12,383.41
2026-09-25T23:27:50+00:00,30720,76.49,401.63
2026-09-25T23:27:50+00:00,61440,159.44,385.34
2026-09-25T23:27:50+00:00,92160,265.74,346.8
2026-09-25T23:27:50+00:00,122880,389.93,315.13
2026-09-25T23:27:50+00:00,134864,447.01,301.7
2026-09-25T23:50:17+00:00,30720,67.55,454.75
2026-09-25T23:50:17+00:00,61440,146.2,420.24
2026-09-25T23:50:17+00:00,92160,235.34,391.6
2026-09-25T23:50:17+00:00,122880,337.12,364.5
2026-09-25T23:50:17+00:00,134862,381.74,353.28
2026-09-25T23:57:20+00:00,30720,59.0,520.72
2026-09-25T23:57:20+00:00,61440,132.2,464.73
2026-09-25T23:57:20+00:00,92160,218.08,422.6
2026-09-25T23:57:20+00:00,122880,317.26,387.32
2026-09-26T00:33:05+00:00,30720,58.75,522.87
2026-09-26T00:33:05+00:00,61440,118.91,516.7
2026-09-26T00:33:05+00:00,92160,189.6,486.08
2026-09-26T00:33:05+00:00,122880,274.07,448.35
2026-09-26T00:33:05+00:00,134862,311.84,432.47
2026-09-26T00:38:45+00:00,30720,39.37,780.21
2026-09-26T00:38:45+00:00,61440,93.1,659.97
2026-09-26T00:38:45+00:00,92160,161.13,571.97
2026-09-26T00:38:45+00:00,122880,242.56,506.6
2026-09-26T01:04:07+00:00,30720,57.05,538.48
2026-09-26T01:04:07+00:00,61440,115.97,529.78
2026-09-26T01:04:07+00:00,92160,193.01,477.49
2026-09-26T01:04:07+00:00,122880,275.1,446.68
2026-09-26T01:04:07+00:00,134862,311.98,432.27
2026-09-26T01:09:46+00:00,30720,37.18,826.23
2026-09-26T01:09:46+00:00,61440,88.45,694.65
2026-09-26T01:09:46+00:00,92160,154.07,598.19
2026-09-26T01:09:46+00:00,122880,233.31,526.68
2026-09-26T01:17:44+00:00,30720,43.33,708.9
2026-09-26T01:17:44+00:00,61440,103.56,593.26
2026-09-26T01:17:44+00:00,92160,179.0,514.86
2026-09-26T01:17:44+00:00,122880,271.65,452.35
2026-09-26T01:17:44+00:00,134864,313.34,430.41
2026-09-26T01:26:45+00:00,30720,49.22,624.2
2026-09-26T01:26:45+00:00,61440,104.09,590.23
2026-09-26T01:26:45+00:00,92160,173.42,531.41
2026-09-26T01:26:45+00:00,122880,257.63,476.96
2026-09-26T01:26:45+00:00,134864,294.94,457.26
2026-09-26T01:36:43+00:00,30720,46.47,661.1
2026-09-26T01:36:43+00:00,61440,102.88,597.21
2026-09-26T01:36:43+00:00,92160,168.66,546.44
2026-09-26T01:36:43+00:00,122880,247.51,496.46
2026-09-26T01:36:43+00:00,134862,283.1,476.37
2026-09-26T01:42:40+00:00,30720,42.99,714.57
2026-09-26T01:42:40+00:00,61440,94.45,650.52
2026-09-26T01:42:40+00:00,92160,159.57,577.55
2026-09-26T01:42:40+00:00,122880,238.12,516.04
2026-09-26T01:52:41+00:00,30720,42.95,715.2
2026-09-26T01:55:56+00:00,30720,43.61,704.35
2026-09-26T02:02:06+00:00,30720,40.42,759.98
2026-09-26T02:02:06+00:00,61440,94.41,650.78
2026-09-26T02:02:06+00:00,92160,172.22,535.13
2026-09-26T02:02:06+00:00,122880,251.13,489.31
2026-09-26T02:02:06+00:00,134862,285.88,471.74
