turn,context_tokens,arm_nmax_pmin,prompt_new,prompt_ms,decode_n,decode_ms,decode_tps,draft_accepted,draft_generated,output_sha1_12
0,94838,3:0,4,177.1,768,21485.8,35.7,443,971,3464cffd7a62
0,94838,2:0,4,160.9,768,20259.5,37.86,411,711,7787dcd5d095
0,94838,4:0,4,171.6,768,20220.4,37.93,489,1110,4e2462669ec0
0,94838,3:0.5,4,165.4,768,20829.4,36.82,419,685,f88ff87a117a
0,94838,4:0.5,4,170.6,402,9727.3,41.22,246,391,65fc22ec92c0
0,94838,5:0.5,4,167.5,768,19201.1,39.95,471,828,d661897f4c61
1,97439,2:0,2605,6414.1,768,19669.1,39.0,426,679,d53ebe0f9c88
1,97439,4:0,4,169.1,768,21291.7,36.02,473,1167,85a3b655e627
1,97439,3:0.5,4,170.4,768,19855.2,38.63,416,645,f85ab11d5a09
1,97439,4:0.5,4,161.4,768,20460.0,37.49,424,734,cbf1ca312725
1,97439,5:0.5,4,170.2,712,18082.8,39.32,439,797,4c4426824759
1,97439,3:0,4,162.7,768,19225.9,39.89,469,893,f6e8127e496a
2,99501,4:0,2066,5577.5,283,5197.7,54.25,212,288,1e125d12be8d
2,99501,3:0.5,4,160.3,253,4949.6,50.91,173,207,1273d3f633f3
2,99501,4:0.5,4,160.2,229,4384.7,52.0,161,203,2ff28816e8d4
2,99501,5:0.5,4,159.4,183,3143.5,57.9,141,184,435007212a67
2,99501,3:0,4,160.0,224,4114.8,54.19,160,195,f1617a6079a5
2,99501,2:0,4,158.9,246,4908.3,49.92,156,182,f6a8905b8030
3,100309,3:0.5,812,2360.7,768,19227.1,39.89,438,661,5f32e11f91d4
3,100309,4:0.5,4,160.9,768,17876.9,42.9,484,759,3be706df1035
3,100309,5:0.5,4,164.5,768,19567.5,39.2,466,800,057c888b5817
3,100309,3:0,4,165.6,768,19737.0,38.86,464,906,3ce607421ada
3,100309,2:0,4,161.1,768,20326.7,37.73,412,707,2050a29986f0
3,100309,4:0,4,160.1,768,21640.1,35.44,469,1189,33983e8d6c12
4,101508,4:0.5,1203,3243.5,203,4450.0,45.39,138,197,b5ffa4bbc95a
4,101508,5:0.5,4,168.2,217,4780.3,45.19,149,226,c7542a97739c
4,101508,3:0,4,169.1,226,4995.9,45.04,150,234,b5902dc20852
4,101508,2:0,4,170.1,210,4712.9,44.35,125,170,58e3526e8fba
4,101508,4:0,4,159.8,176,3800.4,46.05,125,212,80ddbc9f80d5
4,101508,3:0.5,4,169.3,216,4641.0,46.33,140,185,eee42a096b10
5,101825,5:0.5,321,1376.9,768,21627.2,35.46,426,870,b1c427c101c9
5,101825,3:0,4,165.9,768,20848.2,36.79,447,958,ce5a747616b0
5,101825,2:0,4,167.5,768,20171.2,38.02,412,709,81ceea262b2d
5,101825,4:0,4,165.6,768,23984.1,31.98,437,1316,7a25126183e2
5,101825,3:0.5,4,160.0,768,21027.8,36.48,393,647,3d06be029cd2
5,101825,4:0.5,4,169.7,768,19992.6,38.36,438,753,9af8c3f19608
6,108550,3:0,6729,17156.1,768,21973.8,34.91,429,1011,57a6ed2c7a2e
6,108550,2:0,4,167.4,677,16251.8,41.6,391,574,405d26b2e55a
6,108550,4:0,4,160.3,768,20645.2,37.15,483,1129,5b82963a7d9d
6,108550,3:0.5,4,168.7,625,14430.8,43.24,388,552,12a57f53d596
6,108550,4:0.5,4,166.3,493,12000.7,41.0,308,501,5bbe225b3e9a
6,108550,5:0.5,4,165.9,768,20244.7,37.89,453,833,0327f97a630c
7,110222,2:0,1676,4800.6,768,18720.7,40.97,443,648,edb7fac1ae83
7,110222,4:0,4,168.7,375,9723.8,38.46,242,528,17e23ef71b9c
7,110222,3:0.5,4,167.9,768,19722.2,38.89,436,714,0ee930303c96
7,110222,4:0.5,4,170.2,768,19725.3,38.88,446,740,9a38ed9c3e12
7,110222,5:0.5,4,161.7,768,20040.0,38.27,472,902,b0a863f9910a
7,110222,3:0,4,170.8,768,20743.8,36.97,446,962,b5d43bf280d1
8,111062,4:0,844,2905.9,768,18365.8,41.76,516,1003,124ee6b0a7e2
8,111062,3:0.5,4,161.3,768,19640.8,39.05,431,675,84d5123c9668
8,111062,4:0.5,4,163.9,768,19766.3,38.8,447,779,d36525186666
8,111062,5:0.5,4,191.9,768,19523.3,39.29,487,922,730da1ee3984
8,111062,3:0,4,169.3,768,18749.7,40.91,477,870,65867eb1352f
8,111062,2:0,4,162.0,721,18040.3,39.91,402,636,cdb0ec1fdee0
9,118988,3:0.5,7930,22174.2,268,5733.1,46.57,174,221,9f4ca0fa46fc
9,118988,4:0.5,4,163.0,225,4507.3,49.7,159,213,dd1df9c58a68
9,118988,5:0.5,4,163.7,706,18078.3,39.0,431,751,c39fe8c9856d
9,118988,3:0,4,164.0,273,6113.9,44.49,178,285,8cc9bb249257
9,118988,2:0,4,163.8,212,4672.6,45.16,130,166,81c7776d42c1
9,118988,4:0,4,162.7,298,7003.3,42.41,202,384,b5ffb902028b
10,120323,4:0.5,1339,3940.4,83,1463.4,56.03,62,73,dd94e2910967
10,120323,5:0.5,4,161.8,94,1559.1,59.65,76,86,091d402460b7
10,120323,3:0,4,163.2,88,1586.5,54.84,65,75,fe8111076e77
10,120323,2:0,4,162.4,95,1907.7,49.27,60,70,45d850f575b4
10,120323,4:0,4,162.6,83,1384.0,59.25,65,76,641d412b24b7
10,120323,3:0.5,4,160.4,83,1529.0,53.63,59,68,dd94e2910967
11,121698,5:0.5,1379,4075.3,53,819.9,63.42,42,50,3733d728a1c1
11,121698,3:0,4,161.8,53,881.7,58.98,38,42,3733d728a1c1
11,121698,2:0,4,162.8,53,980.1,53.06,34,36,3733d728a1c1
11,121698,4:0,4,167.9,53,865.6,60.07,43,48,3733d728a1c1
11,121698,3:0.5,4,167.9,53,942.1,55.2,37,45,3733d728a1c1
11,121698,4:0.5,4,167.1,53,865.7,60.06,43,48,3733d728a1c1
12,122491,3:0,797,2613.3,768,18479.7,41.5,484,846,41800166f3eb
12,122491,2:0,4,170.4,768,19999.2,38.35,421,690,e14a03497db3
12,122491,4:0,4,169.6,768,18051.7,42.49,523,975,9b1e823f26c1
12,122491,3:0.5,4,164.6,768,18649.7,41.13,464,702,adf384ef5d48
12,122491,4:0.5,4,164.3,768,18907.0,40.57,475,794,703fc16739ac
12,122491,5:0.5,4,171.9,768,20687.4,37.08,460,903,710ce9f6d060
13,132581,2:0,10094,29075.1,768,17018.7,45.07,474,585,4b464c7d761c
13,132581,4:0,4,169.0,768,16778.6,45.71,540,905,2aa7d0972abe
13,132581,3:0.5,4,170.8,768,15431.6,49.7,522,631,0e61a01804e1
13,132581,4:0.5,4,169.6,768,15668.5,48.95,529,694,a93893132d65
13,132581,5:0.5,4,165.4,768,16948.2,45.26,533,833,ab5c48319d63
13,132581,3:0,4,172.3,766,16585.8,46.12,511,762,3fc57de9a7ba
14,133835,4:0,1258,3932.8,768,16170.9,47.43,549,870,7b4f32e67bbb
14,133835,3:0.5,4,164.2,740,16025.7,46.11,491,662,ba5e1c757925
14,133835,4:0.5,4,165.2,768,15659.4,48.98,548,793,84cef43ae59f
14,133835,5:0.5,4,168.9,768,15431.5,49.7,571,858,3116083690df
14,133835,3:0,4,169.6,738,15336.2,48.06,504,699,dc46371b7344
14,133835,2:0,4,169.4,768,18144.0,42.27,451,631,3e42e7fa0b97
15,134211,3:0.5,380,1619.7,768,16498.8,46.49,509,684,d7eca92689e1
15,134211,4:0.5,4,164.1,768,15316.2,50.08,553,772,f2430da373d1
15,134211,5:0.5,4,172.5,766,15787.0,48.46,566,871,c9d55498c894
15,134211,3:0,4,170.7,768,16334.4,46.96,519,743,445b65ac7fc4
15,134211,2:0,4,164.6,768,17149.5,44.72,465,603,557ca52e0363
15,134211,4:0,4,164.3,768,16663.2,46.03,542,896,8177659d30b6
