run_a,run_b,positions,top1_agree,kl_mean,kl_median,kl_p95,kl_max
kl-poolC,kl-poolA,128,116/128,0.09916,0.00264,0.39624,4.86846
kl-ident,kl-poolA,128,116/128,0.10726,0.00208,0.37733,4.22825
kl-mmid,kl-poolA,128,118/128,0.11805,0.00242,0.31631,4.95057
kl-mmid18,kl-poolA,128,117/128,0.11847,0.00194,0.64569,3.46509
kl-mmid18,kl-mmid,128,118/128,0.11027,0.00195,0.51959,4.36541
kl-eh,kl-mmid18,128,115/128,0.17888,0.00245,0.54451,5.59276
kl-spA,kl-dense,128,112/128,0.10761,0.00178,0.74664,2.80582
kl-spC,kl-spA,128,115/128,0.20710,0.00207,0.29055,10.27621
kl-spC,kl-dense,128,113/128,0.14540,0.00242,0.59405,3.70716
kl-pooloff,kl-poolA,128,116/128,0.10179,0.00232,0.39022,4.22789
kl-poolC,kl-pooloff,128,115/128,0.16198,0.00201,0.39717,8.49395
