file,turns,cold_read_s,acceptance_pct,draft_accepted,draft_total,ms_per_step,decode_tok_s_overall,decode_median_tok_s,prompt_median_s
acc-A.json,11,60.41,73.5,1440,1958,65.1,49.7,49.7,0.66
acc-B.json,11,62.07,66.3,1395,2103,64.0,47.1,47.4,0.65
lc-base.json,6,448.79,66.9,1018,1522,134.4,22.5,23.3,1.17
lc-dense.json,6,8.49,63.1,998,1582,134.7,21.6,22.2,1.14
lc-draftqsa.json,10,436.80,63.1,1664,2637,70.5,41.3,41.1,0.92
lc-lc1-prof.json,6,0.92,67.2,1020,1518,150.9,20.1,20.1,1.21
lc-lc1.json,6,405.92,63.4,1001,1578,134.9,21.6,22.3,1.35
lc-mmid512.json,6,472.24,59.6,978,1642,134.5,20.9,21.1,1.31
lc-mtpwin-0-allrows.json,10,403.26,69.7,1722,2472,73.4,42.3,42.3,1.24
lc-mtpwin-0-rowsonly.json,10,454.37,65.2,1684,2582,72.7,40.9,41.4,1.27
lc-mtpwin-2048.json,10,458.60,61.7,1651,2678,68.4,41.9,42.3,0.98
lc-mtpwin-8192.json,10,461.98,65.6,1687,2572,69.2,43.1,43.0,0.99
lc-poolA.json,6,442.63,82.7,1089,1317,72.4,48.3,48.5,1.32
lc-poolC.json,6,8.53,62.5,995,1592,73.1,39.6,39.1,1.08
lc-pooloff.json,6,8.44,60.6,983,1623,95.1,29.9,29.9,1.12
lc-spA.json,6,458.01,71.8,1042,1452,94.7,33.5,34.5,1.36
lc-spC.json,6,8.48,64.6,1007,1560,94.4,31.3,31.3,1.11
lc-test.json,6,286.44,93.1,1125,1209,64.4,59.2,62.4,1.53
