code,build,event,tokens,state_mib,host_alloc_ms,target_copy_ms,draft_copy_ms,load_total_ms
before,2b84213a4 + 0018-0020 (no fix; swap timing logs; profiling queues on),save,134978,3979.0,2104.7,448.2,42.9,
before,2b84213a4 + 0018-0020 (no fix; swap timing logs; profiling queues on),save,2010,170.1,183.5,25.3,1.1,
before,2b84213a4 + 0018-0020 (no fix; swap timing logs; profiling queues on),load,134978,4429.2,,,,2718.5
before,2b84213a4 + 0018-0020 (no fix; swap timing logs; profiling queues on),save,135229,3986.1,2165.5,447.0,43.4,
before,2b84213a4 + 0018-0020 (no fix; swap timing logs; profiling queues on),load,2010,395.3,,,,144.7
before,2b84213a4 + 0018-0020 (no fix; swap timing logs; profiling queues on),save,2010,170.1,184.7,25.3,1.1,
before,2b84213a4 + 0018-0020 (no fix; swap timing logs; profiling queues on),load,135229,4549.0,,,,2664.2
fix v1,"8f95cb5d2 (buffer reuse by size, pinned staging)",save,135226,3986.1,1920.1,451.3,42.8,
fix v1,"8f95cb5d2 (buffer reuse by size, pinned staging)",save,2010,170.1,184.5,24.9,1.1,
fix v1,"8f95cb5d2 (buffer reuse by size, pinned staging)",load,135226,3986.1,,,,435.9
fix v1,"8f95cb5d2 (buffer reuse by size, pinned staging)",save,135229,3986.1,1948.5,447.5,42.8,
fix v1,"8f95cb5d2 (buffer reuse by size, pinned staging)",load,2010,395.3,,,,86.9
fix v1,"8f95cb5d2 (buffer reuse by size, pinned staging)",save,2010,170.1,184.5,23.9,1.1,
fix v1,"8f95cb5d2 (buffer reuse by size, pinned staging)",load,135229,4098.7,,,,708.2
fix v1,"8f95cb5d2 (buffer reuse by size, pinned staging)",save,135272,3987.4,2184.4,454.4,42.5,
fix v1,"8f95cb5d2 (buffer reuse by size, pinned staging)",load,2010,395.3,,,,111.1
fix v1,"8f95cb5d2 (buffer reuse by size, pinned staging)",save,2008,170.1,185.2,24.9,1.1,
fix v1,"8f95cb5d2 (buffer reuse by size, pinned staging)",load,135272,4550.2,,,,658.4
fix v2,"5c258f538 (buffer reuse by capacity with 1/8 slack, pinned staging); deployed",save,135226,3986.1,1917.8,452.6,42.8,
fix v2,"5c258f538 (buffer reuse by capacity with 1/8 slack, pinned staging); deployed",save,2010,170.1,184.3,24.7,1.1,
fix v2,"5c258f538 (buffer reuse by capacity with 1/8 slack, pinned staging); deployed",load,135226,3986.1,,,,435.6
fix v2,"5c258f538 (buffer reuse by capacity with 1/8 slack, pinned staging); deployed",save,135229,3986.1,52.8,449.9,42.6,
fix v2,"5c258f538 (buffer reuse by capacity with 1/8 slack, pinned staging); deployed",load,2010,395.3,,,,80.6
fix v2,"5c258f538 (buffer reuse by capacity with 1/8 slack, pinned staging); deployed",save,2010,170.1,104.7,24.7,1.1,
fix v2,"5c258f538 (buffer reuse by capacity with 1/8 slack, pinned staging); deployed",load,135229,4098.7,,,,431.3
fix v2,"5c258f538 (buffer reuse by capacity with 1/8 slack, pinned staging); deployed",save,135235,3986.3,156.0,451.4,42.8,
fix v2,"5c258f538 (buffer reuse by capacity with 1/8 slack, pinned staging); deployed",load,2010,395.3,,,,89.2
fix v2,"5c258f538 (buffer reuse by capacity with 1/8 slack, pinned staging); deployed",save,2010,170.1,105.1,26.0,1.1,
fix v2,"5c258f538 (buffer reuse by capacity with 1/8 slack, pinned staging); deployed",load,135235,4324.0,,,,426.3
fix v2,"5c258f538 (buffer reuse by capacity with 1/8 slack, pinned staging); deployed",save,135278,3987.6,364.0,449.7,42.6,
fix v2,"5c258f538 (buffer reuse by capacity with 1/8 slack, pinned staging); deployed",load,2010,395.3,,,,112.0
fix v2,"5c258f538 (buffer reuse by capacity with 1/8 slack, pinned staging); deployed",save,2008,170.1,105.2,24.7,1.1,
fix v2,"5c258f538 (buffer reuse by capacity with 1/8 slack, pinned staging); deployed",load,135278,4775.5,,,,419.3
