# tools/devdrive.py at 135K on the restored agent conversation: each request opens a new assistant turn, 512 tokens, ignore_eos, server sampler (temperature 1.0), seeds 7+k. Text after an end-of-turn may repeat, which raises acceptance; use for step times. quad-b70-5800x-pex88096, 2026-09-26.
part,build_and_flags,req,context_tokens,decode_n,tok_s,draft_accepted,draft_generated,tok_per_step,ms_per_step,prompt_new,prompt_s
B plain,8f95cb5d2 with GGML_SYCL_OP_DEVPROF=20 (profiling queues; no barriers),0,135229,512,40.52,324,560,2.72,67.2,3,0.64
B plain,8f95cb5d2 with GGML_SYCL_OP_DEVPROF=20 (profiling queues; no barriers),1,135746,512,58.62,371,418,3.63,61.9,6,0.27
B plain,8f95cb5d2 with GGML_SYCL_OP_DEVPROF=20 (profiling queues; no barriers),2,136263,512,59.19,371,418,3.63,61.3,6,0.27
B coarse,8f95cb5d2 with GGML_SYCL_OP_DEVPROF=20 and coarse spans,0,135229,512,54.15,362,447,3.41,63.0,3,0.15
B coarse,8f95cb5d2 with GGML_SYCL_OP_DEVPROF=20 and coarse spans,1,135746,512,54.73,362,446,3.41,62.4,6,0.27
B coarse,8f95cb5d2 with GGML_SYCL_OP_DEVPROF=20 and coarse spans,2,136263,512,51.13,352,474,3.20,62.6,6,0.27
C,8f95cb5d2 --spec-draft-n-max 4 --spec-draft-p-min 0.5,0,135229,512,36.11,337,489,2.93,81.0,3,0.65
C,8f95cb5d2 --spec-draft-n-max 4 --spec-draft-p-min 0.5,1,135746,512,36.03,304,580,2.46,68.3,6,0.27
C,8f95cb5d2 --spec-draft-n-max 4 --spec-draft-p-min 0.5,2,136263,512,59.16,387,435,4.10,69.2,6,0.27
E1,5c258f538 production flags,0,135229,512,35.34,296,645,2.37,67.1,3,0.16
E1,5c258f538 production flags,1,135746,512,35.73,300,630,2.42,67.6,6,0.26
E1,5c258f538 production flags,2,136263,512,36.76,306,610,2.49,67.6,6,0.27
E1,5c258f538 production flags,3,136780,512,39.11,316,585,2.61,66.8,6,0.27
E2,5c258f538 --backend-sampling,0,135229,512,40.24,323,563,2.71,67.3,3,1.85
E2,5c258f538 --backend-sampling,1,135746,512,51.70,357,461,3.30,63.9,6,1.47
E2,5c258f538 --backend-sampling,2,136263,512,56.11,368,429,3.56,63.4,6,1.45
E2,5c258f538 --backend-sampling,3,136780,512,58.38,373,413,3.68,63.1,6,1.45
