n_q,n_kv,n_kv_max,R,mean_cells,max_cells
1536,1536,1536,1,768,1536
1536,1536,1536,16,776,1536
1536,1536,1536,32,784,1536
1536,1536,1536,64,800,1536
1536,1536,1536,128,832,1536
512,2048,2048,1,1792,2048
512,2048,2048,16,1800,2048
512,2048,2048,32,1808,2048
512,2048,2048,64,1824,2048
512,2048,2048,128,1856,2048
1536,3584,2051,1,2051,2051
1536,3584,2051,16,2643,3256
1536,3584,2051,32,2728,3372
1536,3584,2051,64,2800,3520
1536,3584,2051,128,2862,3540
512,4096,2051,1,2051,2051
512,4096,2051,16,3303,3512
512,4096,2051,32,3518,3676
512,4096,2051,64,3698,3864
512,4096,2051,128,3837,3988
1536,5632,2051,1,2051,2051
1536,5632,2051,16,3767,4169
1536,5632,2051,32,4121,4560
1536,5632,2051,64,4419,4876
1536,5632,2051,128,4654,5144
512,6144,2051,1,2051,2051
512,6144,2051,16,4232,4556
512,6144,2051,32,4754,5000
512,6144,2051,64,5162,5352
512,6144,2051,128,5488,5588
1536,7680,2051,1,2051,2051
1536,7680,2051,16,4530,5388
1536,7680,2051,32,5205,5912
1536,7680,2051,64,5824,6448
1536,7680,2051,128,6269,6704
512,8192,2051,1,2051,2051
512,8192,2051,16,4674,5316
512,8192,2051,32,5499,6157
512,8192,2051,64,6243,6688
512,8192,2051,128,6824,7049
1536,9728,2051,1,2051,2051
1536,9728,2051,16,5114,6028
1536,9728,2051,32,6062,6996
1536,9728,2051,64,6995,7782
1536,9728,2051,128,7911,8445
512,10240,2051,1,2051,2051
512,10240,2051,16,4472,5441
512,10240,2051,32,5194,6284
512,10240,2051,64,6049,7103
512,10240,2051,128,6915,7579
1536,11776,2051,1,2051,2051
1536,11776,2051,16,5485,6727
1536,11776,2051,32,6670,8123
1536,11776,2051,64,7842,9152
1536,11776,2051,128,8865,9813
512,12288,2051,1,2051,2051
512,12288,2051,16,5725,6748
512,12288,2051,32,7112,8266
512,12288,2051,64,8423,9274
512,12288,2051,128,9615,10231
1536,13824,2051,1,2051,2051
1536,13824,2051,16,5896,7141
1536,13824,2051,32,7400,8949
1536,13824,2051,64,8824,10273
1536,13824,2051,128,10265,11511
512,14336,2051,1,2051,2051
512,14336,2051,16,5674,6708
512,14336,2051,32,7299,8904
512,14336,2051,64,9080,10320
512,14336,2051,128,10794,11415
1536,15872,2051,1,2051,2051
1536,15872,2051,16,5817,7171
1536,15872,2051,32,7518,9007
1536,15872,2051,64,9480,10535
1536,15872,2051,128,11307,11748
512,16384,2051,1,2051,2051
512,16384,2051,16,5949,7516
512,16384,2051,32,7619,9673
512,16384,2051,64,9370,11124
512,16384,2051,128,11020,12137
1536,17920,2051,1,2051,2051
1536,17920,2051,16,5892,7492
1536,17920,2051,32,7536,10206
1536,17920,2051,64,9571,11878
1536,17920,2051,128,11334,13313
512,18432,2051,1,2051,2051
512,18432,2051,16,6433,8451
512,18432,2051,32,8507,11044
512,18432,2051,64,11043,13176
512,18432,2051,128,13977,15143
1536,19968,2051,1,2051,2051
1536,19968,2051,16,6274,8113
1536,19968,2051,32,8199,9972
1536,19968,2051,64,10597,12361
1536,19968,2051,128,12463,14003
512,20480,2051,1,2051,2051
512,20480,2051,16,6547,8014
512,20480,2051,32,8592,10100
512,20480,2051,64,11357,12246
512,20480,2051,128,13752,15086
1536,22016,2051,1,2051,2051
1536,22016,2051,16,6506,8299
1536,22016,2051,32,8649,10448
1536,22016,2051,64,11387,13075
1536,22016,2051,128,14146,15702
512,22528,2051,1,2051,2051
512,22528,2051,16,7057,8377
512,22528,2051,32,9631,11168
512,22528,2051,64,12884,14724
512,22528,2051,128,15843,16880
1536,24064,2051,1,2051,2051
1536,24064,2051,16,6985,9126
1536,24064,2051,32,9578,11928
1536,24064,2051,64,12572,15461
1536,24064,2051,128,15619,17106
512,24576,2051,1,2051,2051
512,24576,2051,16,7352,9797
512,24576,2051,32,10119,12455
512,24576,2051,64,13584,14571
512,24576,2051,128,17770,18439
1536,26112,2051,1,2051,2051
1536,26112,2051,16,7355,9142
1536,26112,2051,32,10047,12282
1536,26112,2051,64,13757,15629
1536,26112,2051,128,17096,18078
512,26624,2051,1,2051,2051
512,26624,2051,16,7609,9263
512,26624,2051,32,10517,11663
512,26624,2051,64,14285,15552
512,26624,2051,128,17727,18521
1536,28160,2051,1,2051,2051
1536,28160,2051,16,7386,9049
1536,28160,2051,32,10293,12475
1536,28160,2051,64,14444,15944
1536,28160,2051,128,17748,20357
512,28672,2051,1,2051,2051
512,28672,2051,16,7455,8895
512,28672,2051,32,10421,12121
512,28672,2051,64,14291,15834
512,28672,2051,128,19717,20501
1536,30208,2051,1,2051,2051
1536,30208,2051,16,7521,9250
1536,30208,2051,32,10248,12731
1536,30208,2051,64,14005,16851
1536,30208,2051,128,17555,19298
512,30720,2051,1,2051,2051
512,30720,2051,16,7636,9083
512,30720,2051,32,10830,12653
512,30720,2051,64,15373,17529
512,30720,2051,128,20053,20765
1536,32256,2051,1,2051,2051
1536,32256,2051,16,7688,9415
1536,32256,2051,32,10581,13081
1536,32256,2051,64,14544,16840
1536,32256,2051,128,19913,22520
512,32768,2051,1,2051,2051
512,32768,2051,16,7864,9175
512,32768,2051,32,11293,13114
512,32768,2051,64,15760,18593
512,32768,2051,128,20624,22641
1536,34304,2051,1,2051,2051
1536,34304,2051,16,7649,9251
1536,34304,2051,32,10863,12468
1536,34304,2051,64,15834,17972
1536,34304,2051,128,21499,24205
512,34816,2051,1,2051,2051
512,34816,2051,16,7665,9293
512,34816,2051,32,11186,13290
512,34816,2051,64,16564,18867
512,34816,2051,128,20686,21571
1536,36352,2051,1,2051,2051
1536,36352,2051,16,8041,9384
1536,36352,2051,32,11641,13314
1536,36352,2051,64,17190,18724
1536,36352,2051,128,21887,24349
512,36864,2051,1,2051,2051
512,36864,2051,16,7927,9206
512,36864,2051,32,11555,12802
512,36864,2051,64,17202,18271
512,36864,2051,128,21344,22778
1536,38400,2051,1,2051,2051
1536,38400,2051,16,8014,10344
1536,38400,2051,32,11754,14016
1536,38400,2051,64,17445,19631
1536,38400,2051,128,22811,24161
512,38912,2051,1,2051,2051
512,38912,2051,16,8010,9709
512,38912,2051,32,11368,13646
512,38912,2051,64,16347,19184
512,38912,2051,128,21490,22880
967,39936,2051,1,2051,2051
967,39936,2051,16,7883,9639
967,39936,2051,32,11137,13366
967,39936,2051,64,15666,19775
967,39936,2051,128,22839,23719
1536,41472,2051,1,2051,2051
1536,41472,2051,16,6635,9357
1536,41472,2051,32,9090,12188
1536,41472,2051,64,12283,18193
1536,41472,2051,128,16370,26101
59,41728,2051,1,2051,2051
59,41728,2051,16,7619,9370
59,41728,2051,32,11597,12427
59,41728,2051,64,14734,14734
59,41728,2051,128,14734,14734
465,42496,2051,1,2051,2051
465,42496,2051,16,7086,9417
465,42496,2051,32,9961,13066
465,42496,2051,64,13272,16380
465,42496,2051,128,17839,20752
75,42752,2051,1,2051,2051
75,42752,2051,16,6866,8733
75,42752,2051,32,8174,11338
75,42752,2051,64,9154,14239
75,42752,2051,128,14502,14502
56,43008,2051,1,2051,2051
56,43008,2051,16,6410,8058
56,43008,2051,32,9062,9668
56,43008,2051,64,12018,12018
56,43008,2051,128,12018,12018
414,43520,2051,1,2051,2051
414,43520,2051,16,6817,8703
414,43520,2051,32,9178,11601
414,43520,2051,64,12014,14833
414,43520,2051,128,14156,17181
54,43776,2051,1,2051,2051
54,43776,2051,16,5120,6413
54,43776,2051,32,7114,7528
54,43776,2051,64,8778,8778
54,43776,2051,128,8778,8778
62,44032,2051,1,2051,2051
62,44032,2051,16,6478,7499
62,44032,2051,32,9174,9400
62,44032,2051,64,11461,11461
62,44032,2051,128,11461,11461
398,44800,2051,1,2051,2051
398,44800,2051,16,7965,9374
398,44800,2051,32,10870,12715
398,44800,2051,64,13556,15905
398,44800,2051,128,15691,19459
56,45056,2051,1,2051,2051
56,45056,2051,16,5778,7718
56,45056,2051,32,8488,8785
56,45056,2051,64,11291,11291
56,45056,2051,128,11291,11291
64,45312,2051,1,2051,2051
64,45312,2051,16,6322,6872
64,45312,2051,32,8720,8781
64,45312,2051,64,10651,10651
64,45312,2051,128,10651,10651
409,45824,2051,1,2051,2051
409,45824,2051,16,7479,8818
409,45824,2051,32,10660,12243
409,45824,2051,64,14303,15699
409,45824,2051,128,16993,20170
