build,phase,op,share_pct,calls,ms_per_call,note
sandbox dense (7e5cb8f13 + pre-commit 0004),decode turns,MUL_MAT_ID ffn_moe_down,9.6,,,
sandbox dense (7e5cb8f13 + pre-commit 0004),decode turns,CONT (QSA indexer pooling slices),8.2,,,
sandbox dense (7e5cb8f13 + pre-commit 0004),decode turns,FLASH_ATTN_EXT MTP draft layer,7.3,1842,,
sandbox dense (7e5cb8f13 + pre-commit 0004),decode turns,MUL_MAT_ID gate,6.7,,,
sandbox dense (7e5cb8f13 + pre-commit 0004),decode turns,MUL_MAT_ID up,6.4,,,
sandbox dense (7e5cb8f13 + pre-commit 0004),decode turns,result_output,4.8,,,
sandbox dense (7e5cb8f13 + pre-commit 0004),decode turns,hc_inject,4.7,,,
sandbox dense (7e5cb8f13 + pre-commit 0004),decode turns,FLASH_ATTN_EXT QSA layers (12 nodes),25,471 each,2.0,about 2.1% per node
sandbox dense (7e5cb8f13 + pre-commit 0004),decode turns,TOP_K,<0.3,,,
20260925-60a598ed8,decode turns,MUL_MAT_ID ffn_moe_down,11.7,,,
20260925-60a598ed8,decode turns,CONT (QSA indexer pooling),10.5,,,
20260925-60a598ed8,decode turns,FLASH_ATTN_EXT MTP draft layer,9.4,,1.87,
20260925-60a598ed8,decode turns,MUL_MAT_ID gate,8.0,,,
20260925-60a598ed8,decode turns,MUL_MAT_ID up,7.7,,,
20260925-60a598ed8,decode turns,result_output,6.0,,,
20260925-60a598ed8,decode turns,hc_inject,5.8,,,
20260925-60a598ed8,decode turns,FLASH_ATTN_EXT QSA layers,,,,no longer in the top rows
20260925-60a598ed8,prompt-only turns (~60 tokens),MUL_MAT_ID down,16.9,,,
20260925-60a598ed8,prompt-only turns (~60 tokens),MUL_MAT_ID gate,14.8,,,
20260925-60a598ed8,prompt-only turns (~60 tokens),MUL_MAT_ID up,14.4,,,
20260925-60a598ed8,prompt-only turns (~60 tokens),CONT permuted,4.2,,,
20260925-60a598ed8,prompt-only turns (~60 tokens),FLASH_ATTN_EXT QSA layers (dense; T=60 is above the sparse limit),1.6-1.9 per layer,12 layers,about 4,
20260925-60a598ed8,prompt-only turns (~60 tokens),CONT pooling,3.3,,,
