file,turn,prompt_n,cache_n,prompt_ms,predicted_n,predicted_ms,decode_tok_s,draft_n,draft_accepted
acc-A.json,0,41419,0,60406.009,192,4104.508,46.534,178,131
acc-A.json,1,63,41610,622.736,192,4197.902,45.499,196,125
acc-A.json,2,469,41864,1326.398,192,3996.581,47.791,187,128
acc-A.json,3,79,42524,718.078,192,3910.213,48.846,185,129
acc-A.json,4,61,42794,496.172,192,4752.830,40.187,180,130
acc-A.json,5,418,43046,1205.662,192,3846.679,49.653,179,131
acc-A.json,6,58,43655,496.710,192,3604.204,52.994,171,133
acc-A.json,7,65,43904,663.613,192,3532.548,54.069,169,134
acc-A.json,8,402,44160,1197.997,192,3724.027,51.289,177,132
acc-A.json,9,60,44753,521.535,192,3238.273,58.982,156,138
acc-A.json,10,68,45004,516.674,192,3604.475,52.990,171,133
acc-A.json,11,413,45263,1271.384,192,4050.651,47.153,187,127
acc-B.json,0,41419,0,62074.596,192,3868.813,49.369,175,132
acc-B.json,1,63,41610,580.285,192,3888.740,49.116,189,128
acc-B.json,2,469,41864,1076.519,192,3938.510,48.495,187,128
acc-B.json,3,79,42524,658.406,192,4026.242,47.439,194,126
acc-B.json,4,60,42794,475.507,192,3872.892,49.317,180,131
acc-B.json,5,418,43045,1012.785,192,4263.876,44.795,203,123
acc-B.json,6,58,43654,476.781,192,4245.915,44.984,199,124
acc-B.json,7,66,43903,648.805,192,4074.624,46.875,196,125
acc-B.json,8,402,44160,922.365,192,4748.807,40.221,183,129
acc-B.json,9,60,44753,485.488,192,3921.965,48.700,189,127
acc-B.json,10,68,45004,493.890,192,3847.354,49.645,186,129
acc-B.json,11,413,45263,1011.329,192,4051.787,47.140,197,125
lc-base.json,0,134862,0,448786.773,16,685.661,21.877,13,10
lc-base.json,1,61,134877,1174.243,256,14280.203,17.857,306,152
lc-base.json,2,60,135193,1133.921,256,11246.866,22.673,250,170
lc-base.json,3,375,135508,2887.996,256,11511.041,22.153,253,170
lc-base.json,4,62,136138,1153.093,256,9431.199,27.038,224,180
lc-base.json,5,57,136455,1125.376,256,10935.539,23.318,249,172
lc-base.json,6,416,136767,2943.914,256,10783.946,23.646,240,174
lc-dense.json,0,1540,133322,8491.121,16,542.842,27.632,13,10
lc-dense.json,1,61,134877,1124.827,256,13214.295,19.297,294,156
lc-dense.json,2,60,135193,1114.925,256,11506.532,22.161,252,170
lc-dense.json,3,375,135508,2657.162,256,11988.683,21.270,265,166
lc-dense.json,4,62,136138,1137.030,256,10501.260,24.283,240,174
lc-dense.json,5,58,136455,1107.973,256,12542.590,20.331,279,162
lc-dense.json,6,416,136768,2795.106,256,11256.897,22.653,252,170
lc-draftqsa.json,0,134862,0,436797.271,16,338.188,44.354,13,10
lc-draftqsa.json,1,61,134877,923.149,256,6446.459,39.557,270,163
lc-draftqsa.json,2,59,135193,754.520,256,6432.594,39.642,273,163
lc-draftqsa.json,3,375,135507,2577.770,256,6202.881,41.110,262,167
lc-draftqsa.json,4,62,136137,1003.063,256,5709.618,44.661,244,173
lc-draftqsa.json,5,58,136454,732.641,256,6221.008,40.990,264,166
lc-draftqsa.json,6,416,136767,2552.981,256,6294.273,40.513,267,165
lc-draftqsa.json,7,61,137438,759.252,256,5936.377,42.955,254,170
lc-draftqsa.json,8,67,137754,784.355,256,6405.436,39.810,273,164
lc-draftqsa.json,9,359,138076,2336.745,256,6202.185,41.115,263,167
lc-draftqsa.json,10,30,138690,528.959,256,6126.718,41.621,267,166
lc-lc1-prof.json,0,4,134858,915.204,16,831.935,18.030,14,9
lc-lc1-prof.json,1,61,134877,1200.103,256,12722.546,20.043,256,169
lc-lc1-prof.json,2,60,135193,1186.360,256,12688.234,20.097,253,170
lc-lc1-prof.json,3,375,135508,2737.546,256,11716.446,21.764,233,177
lc-lc1-prof.json,4,62,136138,1211.792,256,11783.380,21.641,234,176
lc-lc1-prof.json,5,58,136455,1179.026,256,14630.740,17.429,288,158
lc-lc1-prof.json,6,416,136768,2888.314,256,12803.839,19.916,254,170
lc-lc1.json,0,134862,0,405920.813,16,679.540,22.074,14,9
lc-lc1.json,1,61,134877,1273.289,256,13135.592,19.413,282,160
lc-lc1.json,2,60,135193,1178.294,256,11405.981,22.357,249,171
lc-lc1.json,3,375,135508,2728.933,256,11662.761,21.864,260,168
lc-lc1.json,4,62,136138,1353.320,256,10811.357,23.586,246,173
lc-lc1.json,5,58,136455,1111.360,256,11419.217,22.331,265,166
lc-lc1.json,6,416,136768,2791.764,256,12528.128,20.354,276,163
lc-mmid512.json,0,134862,0,472240.635,16,570.174,26.308,13,10
lc-mmid512.json,1,61,134877,1200.244,256,12065.657,21.134,271,164
lc-mmid512.json,2,60,135193,1116.055,256,12622.224,20.202,274,163
lc-mmid512.json,3,375,135508,3403.908,256,12949.284,19.692,289,158
lc-mmid512.json,4,62,136138,1308.251,256,12184.515,20.928,268,165
lc-mmid512.json,5,58,136455,1084.515,256,11746.889,21.708,264,166
lc-mmid512.json,6,416,136768,3643.474,256,12022.385,21.210,276,162
lc-mtpwin-0-allrows.json,0,134862,0,403260.796,16,384.094,39.053,13,10
lc-mtpwin-0-allrows.json,1,61,134877,1238.653,256,6743.868,37.812,275,163
lc-mtpwin-0-allrows.json,2,60,135193,1125.689,256,6120.915,41.660,251,171
lc-mtpwin-0-allrows.json,3,375,135508,2711.086,256,5930.794,42.996,243,174
lc-mtpwin-0-allrows.json,4,62,136138,1330.013,256,5514.693,46.240,226,179
lc-mtpwin-0-allrows.json,5,58,136455,1051.765,256,5898.289,43.233,241,174
lc-mtpwin-0-allrows.json,6,416,136768,2822.190,256,6241.762,40.854,252,170
lc-mtpwin-0-allrows.json,7,61,137439,1081.135,256,6600.831,38.631,265,166
lc-mtpwin-0-allrows.json,8,68,137755,1101.357,256,6023.930,42.331,248,172
lc-mtpwin-0-allrows.json,9,358,138078,2495.932,256,6143.509,41.507,252,171
lc-mtpwin-0-allrows.json,10,30,138691,923.185,256,5269.120,48.395,219,182
lc-mtpwin-0-rowsonly.json,0,134862,0,454369.351,16,376.689,39.821,13,10
lc-mtpwin-0-rowsonly.json,1,61,134877,1272.887,256,6457.779,39.487,266,166
lc-mtpwin-0-rowsonly.json,2,60,135193,1127.612,256,6247.038,40.819,258,168
lc-mtpwin-0-rowsonly.json,3,375,135508,2940.866,256,6138.530,41.541,253,170
lc-mtpwin-0-rowsonly.json,4,62,136138,1301.763,256,6156.235,41.421,255,169
lc-mtpwin-0-rowsonly.json,5,58,136455,1069.846,256,6384.954,39.938,264,167
lc-mtpwin-0-rowsonly.json,6,416,136768,2878.768,256,6054.788,42.115,249,172
lc-mtpwin-0-rowsonly.json,7,61,137439,1087.404,256,6016.453,42.384,248,172
lc-mtpwin-0-rowsonly.json,8,68,137755,1102.768,256,6531.503,39.042,269,165
lc-mtpwin-0-rowsonly.json,9,359,138078,2658.368,256,7090.709,35.963,289,158
lc-mtpwin-0-rowsonly.json,10,29,138692,903.003,256,5499.773,46.366,231,177
lc-mtpwin-2048.json,0,134862,0,458598.352,16,366.094,40.973,13,10
lc-mtpwin-2048.json,1,61,134877,979.389,256,6494.384,39.265,284,160
lc-mtpwin-2048.json,2,60,135193,819.424,256,5934.429,42.970,262,167
lc-mtpwin-2048.json,3,375,135508,2643.057,256,6156.887,41.417,267,165
lc-mtpwin-2048.json,4,61,136138,1007.913,256,5836.947,43.687,257,169
lc-mtpwin-2048.json,5,58,136454,748.316,256,6203.494,41.106,273,163
lc-mtpwin-2048.json,6,416,136767,2577.059,256,6208.612,41.072,272,164
lc-mtpwin-2048.json,7,61,137438,760.117,256,5798.529,43.977,254,170
lc-mtpwin-2048.json,8,68,137754,782.025,256,6407.013,39.800,281,161
lc-mtpwin-2048.json,9,359,138077,2376.968,256,6027.114,42.309,261,167
lc-mtpwin-2048.json,10,30,138691,576.735,256,6025.393,42.321,267,165
lc-mtpwin-8192.json,0,134862,0,461977.597,16,378.217,39.660,13,10
lc-mtpwin-8192.json,1,61,134877,991.222,256,6509.398,39.174,279,161
lc-mtpwin-8192.json,2,60,135193,827.008,256,5949.198,42.863,257,169
lc-mtpwin-8192.json,3,375,135508,2668.716,256,6134.598,41.568,266,166
lc-mtpwin-8192.json,4,62,136138,995.935,256,5909.141,43.153,257,169
lc-mtpwin-8192.json,5,58,136455,751.998,256,6022.701,42.340,261,167
lc-mtpwin-8192.json,6,416,136768,2607.619,256,5731.104,44.494,249,172
lc-mtpwin-8192.json,7,61,137439,786.063,256,5785.620,44.075,252,171
lc-mtpwin-8192.json,8,68,137755,806.915,256,5926.880,43.024,258,168
lc-mtpwin-8192.json,9,359,138078,2395.914,256,6099.131,41.809,259,167
lc-mtpwin-8192.json,10,30,138692,613.335,256,5293.528,48.172,234,177
lc-poolA.json,0,134862,0,442628.980,16,471.121,31.839,17,9
lc-poolA.json,1,61,134877,1223.836,256,5419.749,47.050,223,180
lc-poolA.json,2,59,135193,1105.863,256,5004.254,50.957,208,185
lc-poolA.json,3,375,135507,2853.849,256,5456.008,46.737,225,180
lc-poolA.json,4,61,136137,1324.370,256,5026.084,50.735,209,185
lc-poolA.json,5,58,136453,1061.916,256,5255.772,48.518,218,182
lc-poolA.json,6,415,136766,2881.923,256,5639.711,45.215,234,177
lc-poolC.json,0,1540,133322,8527.816,16,342.762,43.762,13,10
lc-poolC.json,1,61,134877,1067.327,256,6623.996,38.496,273,163
lc-poolC.json,2,60,135193,1044.938,256,6614.869,38.550,272,164
lc-poolC.json,3,375,135508,2586.952,256,6922.741,36.835,283,160
lc-poolC.json,4,62,136138,1076.611,256,5824.656,43.779,241,174
lc-poolC.json,5,58,136455,1052.026,256,6525.487,39.078,267,165
lc-poolC.json,6,416,136768,2742.511,256,6272.228,40.655,256,169
lc-pooloff.json,0,1540,133322,8436.925,16,460.805,32.552,13,10
lc-pooloff.json,1,61,134877,1114.050,256,8523.823,29.916,273,164
lc-pooloff.json,2,60,135193,1094.646,256,8039.691,31.718,257,169
lc-pooloff.json,3,375,135508,2644.642,256,8678.703,29.382,274,163
lc-pooloff.json,4,62,136138,1118.252,256,8562.775,29.780,268,164
lc-pooloff.json,5,58,136455,1097.166,256,9124.308,27.947,285,158
lc-pooloff.json,6,416,136768,2803.609,256,8498.081,30.007,266,165
lc-spA.json,0,134862,0,458007.994,16,495.930,30.246,13,10
lc-spA.json,1,61,134877,1310.695,256,9029.490,28.241,282,159
lc-spA.json,2,60,135193,1193.026,256,7966.505,32.009,253,170
lc-spA.json,3,375,135508,3018.203,256,7031.195,36.267,223,180
lc-spA.json,4,62,136138,1358.686,256,7390.472,34.504,237,176
lc-spA.json,5,58,136455,1120.560,256,7407.863,34.423,237,176
lc-spA.json,6,416,136768,2948.488,256,6995.544,36.452,220,181
lc-spC.json,0,1540,133322,8477.020,16,444.491,33.746,13,10
lc-spC.json,1,61,134877,1108.665,256,7482.529,34.079,240,175
lc-spC.json,2,60,135193,1094.666,256,8048.190,31.684,257,169
lc-spC.json,3,375,135508,2636.549,256,8338.085,30.583,262,167
lc-spC.json,4,62,136138,1112.409,256,8432.822,30.239,268,165
lc-spC.json,5,58,136455,1090.766,256,8641.386,29.509,275,163
lc-spC.json,6,416,136768,2779.434,256,8149.935,31.289,258,168
lc-test.json,0,134866,0,286444.140,16,744.809,20.139,18,9
lc-test.json,1,61,134881,801.980,256,5412.939,47.109,244,173
lc-test.json,2,60,135197,643.777,256,4113.139,61.996,195,190
lc-test.json,3,375,135512,1809.740,256,4200.460,60.708,196,189
lc-test.json,4,321,135883,1533.514,256,4081.936,62.470,192,191
lc-test.json,5,58,136459,583.417,256,4083.615,62.445,191,191
lc-test.json,6,416,136772,1812.618,256,4074.423,62.586,191,191
