run,t_s,mem_available_gib,anon_pages_gib,driver_held_gib,swap_used_gib,vram_mib_gpu0,vram_mib_gpu1,vram_mib_gpu2,vram_mib_gpu3
TP4,0,117.2,0.2,2.1,0.1,226,226,243,226
TP4,4,116.9,0.6,2.2,0.1,226,226,243,226
TP4,8,116.9,0.5,2.2,0.1,226,226,243,226
TP4,11,116.9,0.5,2.2,0.1,226,226,243,226
TP4,15,116.8,0.6,2.3,0.1,226,226,243,226
TP4,19,116.7,0.7,2.3,0.1,226,226,243,226
TP4,23,116.6,0.8,2.2,0.1,226,226,243,226
TP4,27,116.2,1.0,2.5,0.1,399,229,245,229
TP4,30,116.1,1.2,2.3,0.1,399,229,245,229
TP4,34,115.8,1.6,2.3,0.1,399,229,245,229
TP4,37,115.4,1.9,2.3,0.1,399,229,245,229
TP4,41,115.2,2.1,2.3,0.1,399,229,245,229
TP4,44,114.1,3.3,2.2,0.1,399,229,245,229
TP4,48,113.4,4.0,2.2,0.1,399,229,245,229
TP4,51,111.3,5.8,2.5,0.1,1091,237,254,237
TP4,55,108.1,5.9,5.3,0.1,2050,1990,2006,1990
TP4,58,104.3,6.8,8.2,0.1,2213,1990,2006,1990
TP4,62,103.7,7.4,8.2,0.1,2213,1990,2043,4233
TP4,65,100.7,10.5,8.1,0.1,7048,6846,6863,6846
TP4,69,102.2,8.4,8.7,0.1,7070,6846,8315,8299
TP4,72,101.8,8.4,9.0,0.1,8522,8298,8315,8634
TP4,76,95.1,10.8,12.8,0.1,10006,9859,10056,10647
TP4,79,89.7,11.6,17.6,0.1,10874,10647,10664,10647
TP4,83,89.6,11.7,17.6,0.1,10874,10647,10664,10647
TP4,86,89.6,11.7,17.6,0.1,10874,10647,10664,10647
TP4,90,88.9,11.9,18.4,0.1,11034,10807,10824,10807
TP4,93,88.8,11.9,18.5,0.1,11034,10807,10824,10807
TP4,97,87.7,11.9,19.5,0.1,11626,11399,11416,11399
TP4,100,86.4,11.9,20.7,0.1,11628,11401,11418,11401
TP4,103,86.4,11.9,20.8,0.1,11628,11401,11418,11401
TP4,107,95.4,11.9,11.9,0.1,9310,9083,9148,9131
TP4,110,95.1,11.9,12.1,0.1,9406,8927,8944,8927
TP4,114,96.1,11.9,11.1,0.1,9154,8927,8944,8927
TP4,117,96.1,11.9,11.1,0.1,9306,9079,10056,10040
TP4,121,91.8,11.9,15.5,0.1,9154,8927,8944,8927
TP4,124,91.8,11.9,15.4,0.1,10234,10007,10024,10007
TP4,128,91.8,11.9,15.4,0.1,10234,10007,10024,10007
TP4,131,91.9,12.0,15.3,0.1,10234,10007,10024,10007
TP4,134,92.0,12.0,15.2,0.1,10234,10007,10024,10007
TP4,138,92.0,12.0,15.2,0.1,10234,10007,10024,10007
TP4,141,92.0,12.0,15.1,0.1,10234,10007,10024,10007
TP4,145,92.0,12.0,15.1,0.1,10234,10007,10024,10007
TP4,148,92.0,12.0,15.1,0.1,10234,10007,10024,10007
TP4,152,92.0,12.0,15.1,0.1,10234,10007,10024,10007
TP4,155,92.0,12.0,15.1,0.1,10234,10007,10024,10007
TP4,159,91.8,12.0,15.3,0.1,10234,10007,10024,10007
TP4,162,91.8,12.1,15.2,0.1,10234,10007,10024,10009
TP4,165,89.8,12.2,17.1,0.1,10986,10445,10782,10765
TP4,169,94.9,12.2,12.1,0.1,9450,9229,9294,9093
TP4,172,95.4,12.2,11.6,0.1,9314,9093,9110,9093
TP4,176,95.2,12.2,11.8,0.1,9466,10205,10222,10205
TP4,179,90.8,12.2,16.1,0.1,10426,10205,10243,10243
TP4,183,89.0,14.1,16.1,0.1,10464,10243,10260,10243
TP4,186,88.5,14.6,16.0,0.1,10464,10243,10260,10243
TP4,190,88.4,14.6,16.0,0.1,10464,10243,10260,10309
TP4,193,88.3,14.8,16.0,0.1,10162,27958,27975,27958
TP4,197,93.9,14.9,10.1,0.1,28179,27990,28028,28013
TP4,200,93.4,15.0,10.6,0.1,28944,28816,29003,29156
TP4,204,92.0,15.9,10.9,0.1,30538,30468,30638,30769
TP4,207,90.1,17.5,11.1,0.1,31273,31050,31068,31242
TP4,210,88.8,18.0,11.8,0.1,31642,31244,31262,31245
TP4,214,88.4,18.3,11.9,0.1,31642,31244,31262,31245
TP4,217,88.8,17.3,12.5,0.1,31642,31244,31262,31245
TP4,221,88.9,17.5,12.3,0.1,31642,31244,31262,31245
TP4,225,88.7,17.8,12.2,0.1,31642,31244,31262,31245
TP4,228,88.5,18.0,12.2,0.1,31642,31244,31262,31245
TP4,232,88.3,17.7,12.6,0.1,31642,31244,31262,31245
TP4,235,88.4,17.7,12.5,0.1,31642,31244,31262,31245
TP4,239,88.5,17.7,12.5,0.1,31642,31244,31262,31245
TP4,242,88.5,17.7,12.4,0.1,31642,31244,31262,31245
TP4,246,88.5,17.7,12.4,0.1,31642,31244,31262,31245
TP4,249,88.6,17.7,12.4,0.1,31642,31244,31262,31245
TP4,252,88.6,17.7,12.3,0.1,31642,31244,31262,31245
TP4,256,88.7,17.7,12.3,0.1,31642,31244,31262,31245
TP4,259,88.7,17.7,12.3,0.1,31642,31244,31262,31245
TP4,263,88.7,17.7,12.2,0.1,31642,31244,31262,31245
TP4,266,88.7,17.7,12.2,0.1,31642,31244,31262,31245
TP4,270,88.8,17.7,12.2,0.1,31642,31244,31262,31245
TP4,273,88.8,17.7,12.2,0.1,31642,31244,31262,31245
TP4,277,88.9,17.7,12.1,0.1,31642,31244,31262,31245
TP4,280,88.9,17.7,12.1,0.1,31642,31244,31262,31245
TP4,284,88.9,17.7,12.0,0.1,31642,31244,31262,31245
TP4,287,88.9,17.7,12.0,0.1,31642,31244,31262,31245
TP4,291,88.5,18.1,12.0,0.1,31689,31392,31512,31495
TP4,294,87.8,18.6,12.3,0.1,31892,31495,31512,31495
TP4,298,87.9,18.6,12.2,0.1,31892,31495,31512,31495
TP4,301,87.9,18.6,12.2,0.1,31933,31536,31553,31536
TP4,304,87.6,18.9,12.2,0.1,31933,31536,31553,31536
TP4,308,87.6,18.9,12.2,0.1,31934,31536,31553,31536
TP4,311,87.7,18.9,12.1,0.1,31934,31536,31553,31536
TP4,315,87.8,18.9,12.0,0.1,31934,31536,31553,31536
TP4,318,87.9,18.8,11.9,0.1,31934,31536,31553,31536
TP4,321,88.0,18.8,11.8,0.1,31934,31536,31553,31536
TP4,325,88.0,18.8,11.9,0.1,31934,31536,31553,31536
TP4,328,89.1,18.9,11.1,0.1,11351,10954,10971,10954
TP4,332,116.6,0.8,2.2,0.1,226,226,243,226
TP2 alone,0,117.2,0.2,2.1,0.1,226,226,243,226
TP2 alone,4,116.8,0.6,2.2,0.1,226,226,243,226
TP2 alone,8,116.9,0.5,2.2,0.1,226,226,243,226
TP2 alone,11,116.7,0.5,2.3,0.1,226,226,243,226
TP2 alone,15,116.8,0.6,2.2,0.1,226,226,243,226
TP2 alone,19,116.7,0.7,2.2,0.1,226,226,243,226
TP2 alone,23,116.5,0.8,2.2,0.1,226,226,243,226
TP2 alone,27,116.2,1.2,2.2,0.1,226,226,243,226
TP2 alone,30,116.0,1.4,2.2,0.1,226,226,243,226
TP2 alone,34,115.6,1.6,2.3,0.1,399,229,243,226
TP2 alone,38,115.8,1.2,2.5,0.1,399,229,243,226
TP2 alone,42,115.7,1.5,2.3,0.1,399,229,243,226
TP2 alone,45,115.4,1.7,2.4,0.1,572,229,243,226
TP2 alone,49,115.7,1.5,2.3,0.1,399,229,243,226
TP2 alone,53,115.5,1.7,2.4,0.1,399,229,243,226
TP2 alone,57,115.1,2.1,2.4,0.1,399,229,243,226
TP2 alone,60,114.6,2.6,2.4,0.1,399,229,243,226
TP2 alone,64,114.2,3.0,2.3,0.1,399,229,243,226
TP2 alone,68,113.2,4.0,2.3,0.1,745,233,243,226
TP2 alone,71,110.1,4.4,4.9,0.1,1821,1628,243,226
TP2 alone,75,109.7,4.6,5.1,0.1,1821,1628,243,226
TP2 alone,79,107.0,7.5,4.8,0.1,11218,11025,243,226
TP2 alone,83,108.5,5.3,5.6,0.1,11263,11070,243,226
TP2 alone,87,106.6,7.3,5.5,0.1,14202,14006,243,226
TP2 alone,90,105.3,5.7,8.4,0.1,14710,14662,243,226
TP2 alone,94,101.1,6.7,11.5,0.1,16722,16527,243,226
TP2 alone,98,101.2,6.8,11.3,0.1,16722,16527,243,226
TP2 alone,101,101.4,6.8,11.1,0.1,16722,16527,243,226
TP2 alone,105,101.5,6.9,11.0,0.1,16722,16527,243,226
TP2 alone,109,101.8,6.9,10.6,0.1,16722,16527,243,226
TP2 alone,112,100.1,6.9,12.3,0.1,17700,17505,243,226
TP2 alone,116,100.3,6.9,12.1,0.1,17700,17505,243,226
TP2 alone,120,105.4,6.9,7.0,0.1,15186,14991,243,226
TP2 alone,123,105.9,6.9,6.5,0.1,14866,14671,243,226
TP2 alone,127,105.9,6.9,6.5,0.1,14866,16255,243,226
TP2 alone,131,104.3,6.9,8.1,0.1,16482,14671,243,226
TP2 alone,135,104.1,6.9,8.3,0.1,16451,16255,243,226
TP2 alone,138,102.8,7.0,9.6,0.1,16450,16255,243,226
TP2 alone,142,102.8,7.0,9.6,0.1,16450,16255,243,226
TP2 alone,146,102.8,7.0,9.5,0.1,16450,16255,243,226
TP2 alone,149,102.8,7.0,9.5,0.1,16450,16255,243,226
TP2 alone,153,102.9,7.0,9.5,0.1,16450,16255,243,226
TP2 alone,157,102.8,7.0,9.5,0.1,16450,16255,243,226
TP2 alone,160,102.8,7.0,9.5,0.1,16450,16255,243,226
TP2 alone,164,102.8,7.1,9.5,0.1,16450,16255,243,226
TP2 alone,168,102.7,7.1,9.5,0.1,16450,16255,243,226
TP2 alone,171,102.3,7.1,10.0,0.1,16450,16527,243,226
TP2 alone,175,101.9,7.1,10.4,0.1,16723,16529,243,226
TP2 alone,179,104.6,7.1,7.7,0.1,15363,15170,243,226
TP2 alone,182,105.1,7.1,7.1,0.1,15139,14945,243,226
TP2 alone,186,103.0,7.1,9.3,0.1,16227,16033,243,226
TP2 alone,190,101.1,8.1,10.2,0.1,16809,16615,243,226
TP2 alone,193,100.8,8.4,10.2,0.1,16809,16615,243,226
TP2 alone,197,100.8,8.4,10.2,0.1,16809,16615,243,226
TP2 alone,201,104.6,8.6,6.1,0.1,27452,27258,243,226
TP2 alone,204,104.5,8.6,6.3,0.1,27525,27410,243,226
TP2 alone,208,104.2,8.7,6.3,0.1,28911,28931,243,226
TP2 alone,212,102.8,9.7,6.7,0.1,30641,30432,243,226
TP2 alone,215,102.2,10.2,6.8,0.1,30633,30438,243,226
TP2 alone,219,101.9,10.4,6.9,0.1,30806,30440,243,226
TP2 alone,223,102.1,10.0,7.2,0.1,30806,30440,243,226
TP2 alone,227,101.9,10.1,7.2,0.1,30806,30440,243,226
TP2 alone,230,101.8,10.4,7.1,0.1,30806,30440,243,226
TP2 alone,234,100.7,10.8,7.7,0.1,30806,30440,243,226
TP2 alone,238,101.2,10.3,7.7,0.1,30806,30440,243,226
TP2 alone,242,101.1,10.6,7.6,0.1,30953,30587,243,226
TP2 alone,245,100.8,10.8,7.6,0.1,31056,30690,243,226
TP2 alone,249,100.8,10.8,7.6,0.1,31056,30690,243,226
TP2 alone,252,100.9,10.8,7.5,0.1,31056,30690,243,226
TP2 alone,256,100.8,10.9,7.5,0.1,31097,30731,243,226
TP2 alone,260,100.9,10.9,7.4,0.1,31097,30731,243,226
TP2 alone,263,100.9,10.9,7.3,0.1,31097,30731,243,226
TP2 alone,267,101.0,10.9,7.3,0.1,31097,30731,243,226
TP2 alone,271,101.0,10.9,7.2,0.1,31097,30731,243,226
TP2 alone,274,101.0,10.9,7.2,0.1,31097,30731,243,226
TP2 alone,278,101.1,10.9,7.2,0.1,31097,30731,243,226
TP2 alone,282,101.1,10.9,7.1,0.1,31097,30731,243,226
TP2 alone,285,101.2,10.9,7.1,0.1,31097,30731,243,226
TP2 alone,289,101.2,10.9,7.1,0.1,31097,30731,243,226
TP2 alone,293,101.2,10.9,7.1,0.1,31097,30731,243,226
TP2 alone,296,101.2,10.9,7.0,0.1,31097,30731,243,226
TP2 alone,300,101.3,10.9,7.0,0.1,31097,30731,243,226
TP2 alone,304,101.3,10.9,7.0,0.1,31097,30731,243,226
TP2 alone,307,101.3,10.9,7.0,0.1,31097,30731,243,226
TP2 alone,311,101.3,10.9,6.9,0.1,31065,15575,243,226
TP2 alone,315,103.0,9.5,6.9,0.1,572,276,243,226
2x TP2,0,117.1,0.3,2.1,0.1,413,227,430,413
2x TP2,4,116.6,0.9,2.2,0.1,226,226,430,227
2x TP2,8,116.7,0.7,2.1,0.1,413,413,430,413
2x TP2,12,116.5,0.7,2.3,0.1,413,413,430,413
2x TP2,15,116.4,0.8,2.4,0.1,413,413,430,413
2x TP2,19,116.3,1.0,2.3,0.1,413,413,430,413
2x TP2,23,116.1,1.3,2.2,0.1,411,598,616,413
2x TP2,26,115.6,1.8,2.2,0.1,413,413,430,413
2x TP2,30,115.1,2.2,2.3,0.1,586,229,430,413
2x TP2,34,114.5,2.8,2.3,0.1,586,415,603,415
2x TP2,38,113.8,2.9,2.9,0.1,586,415,430,415
2x TP2,41,114.1,2.9,2.6,0.1,586,415,603,415
2x TP2,45,113.6,3.5,2.5,0.1,586,415,603,415
2x TP2,48,112.7,4.4,2.5,0.1,523,415,603,415
2x TP2,52,112.6,4.5,2.4,0.1,400,415,603,415
2x TP2,56,111.3,5.4,2.8,0.1,931,765,603,415
2x TP2,59,108.3,6.3,4.9,0.1,2007,1814,603,415
2x TP2,63,107.7,6.6,5.1,0.1,2007,1814,603,415
2x TP2,67,106.1,7.8,5.4,0.1,11342,11213,601,229
2x TP2,70,105.6,8.2,5.5,0.1,11325,11070,416,229
2x TP2,74,104.1,9.7,5.5,0.1,14202,14009,948,233
2x TP2,77,100.2,9.5,9.5,0.1,14896,14899,2024,1814
2x TP2,81,92.4,11.5,15.4,0.1,18292,18099,2024,1814
2x TP2,84,91.8,11.7,15.7,0.1,18292,18099,8951,11212
2x TP2,88,89.4,13.9,15.8,0.1,18292,18099,11280,11256
2x TP2,92,91.0,12.3,15.9,0.1,18292,18116,11467,14195
2x TP2,95,90.1,13.3,15.7,0.1,18309,18116,14403,14705
2x TP2,99,84.6,14.6,19.6,0.1,18309,18116,16925,16713
2x TP2,102,83.5,14.8,20.7,0.1,18375,18181,16925,16713
2x TP2,106,90.3,15.0,13.7,0.1,27488,27329,16925,16527
2x TP2,109,89.9,15.2,13.9,0.1,28522,28503,16739,16527
2x TP2,112,88.8,15.7,14.4,0.1,30291,30259,16739,16527
2x TP2,116,88.0,16.5,14.4,0.1,30791,30820,16926,16713
2x TP2,119,85.1,16.9,16.9,0.1,31188,30822,17902,17689
2x TP2,123,84.9,17.0,16.9,0.1,31188,30822,17904,17691
2x TP2,126,85.0,16.6,17.3,0.1,31002,30822,17904,15081
2x TP2,130,90.3,16.6,12.0,0.1,31188,30822,15204,15177
2x TP2,133,90.6,17.0,11.3,0.1,31188,30822,15070,14857
2x TP2,137,90.5,17.1,11.2,0.1,31188,30822,16654,16441
2x TP2,141,89.6,17.5,11.7,0.1,31188,30822,15070,14857
2x TP2,144,87.0,16.9,14.9,0.1,31002,30822,16654,16441
2x TP2,148,87.1,16.9,14.8,0.1,31188,30822,16468,16441
2x TP2,151,87.2,17.0,14.7,0.1,31188,30822,16654,16441
2x TP2,155,87.2,17.0,14.7,0.1,31188,30822,16654,16441
2x TP2,158,87.3,17.0,14.6,0.1,31188,30822,16654,16441
2x TP2,162,87.3,17.0,14.5,0.1,31188,30822,16654,16255
2x TP2,165,87.3,17.0,14.5,0.1,31188,30822,16654,16441
2x TP2,169,87.3,17.0,14.5,0.1,31188,30822,16654,16441
2x TP2,173,87.4,17.0,14.5,0.1,31188,30822,16654,16441
2x TP2,176,87.4,17.0,14.4,0.1,31188,30822,16654,16441
2x TP2,180,87.4,17.1,14.4,0.1,31188,30636,16654,16441
2x TP2,183,87.2,17.2,14.6,0.1,31188,30822,16654,16714
2x TP2,187,86.8,17.2,14.9,0.1,31188,30822,16740,16716
2x TP2,190,86.2,17.2,15.5,0.1,31188,30636,15380,15170
2x TP2,194,90.0,17.2,11.7,0.1,31002,30636,15342,15132
2x TP2,197,90.0,17.2,11.8,0.1,31188,30822,16244,16220
2x TP2,201,86.8,17.2,14.9,0.1,31188,30822,17003,16802
2x TP2,205,85.9,18.2,14.8,0.1,31002,30822,17012,16802
2x TP2,208,85.7,18.4,14.8,0.1,31188,30822,17012,16802
2x TP2,212,85.6,18.5,14.8,0.1,31188,30822,17078,16868
2x TP2,215,89.4,18.5,10.9,0.1,31188,30822,28029,27819
2x TP2,219,89.2,18.5,11.1,0.1,31188,30822,28800,28616
2x TP2,222,88.7,18.9,11.2,0.1,31188,30822,30390,30538
2x TP2,226,87.5,19.8,11.4,0.1,31188,30822,31178,30998
2x TP2,230,87.0,20.2,11.5,0.1,31188,30822,31383,31000
2x TP2,233,86.6,20.5,11.7,0.1,31188,30822,31383,31000
2x TP2,237,87.0,19.9,11.8,0.1,31188,30636,31383,31000
2x TP2,240,86.9,20.1,11.7,0.1,31188,30822,31383,31000
2x TP2,244,86.6,20.3,11.8,0.1,31188,30822,31383,31000
2x TP2,248,85.7,20.9,12.2,0.1,31188,30822,31383,31000
2x TP2,251,85.9,20.3,12.5,0.1,31188,30822,31383,31040
2x TP2,255,85.2,21.1,12.4,0.1,31252,30886,31633,31250
2x TP2,258,85.3,21.1,12.3,0.1,31438,31072,31633,31250
2x TP2,262,85.4,21.1,12.2,0.1,31438,31072,31633,31250
2x TP2,265,85.5,21.1,12.1,0.1,31479,31113,31633,31250
2x TP2,269,85.2,21.4,12.0,0.1,31479,31113,31674,31291
2x TP2,272,85.5,21.4,11.8,0.1,31479,31113,31674,31291
2x TP2,275,85.5,21.4,11.8,0.1,31385,31019,31675,31105
2x TP2,279,85.6,21.4,11.7,0.1,31571,31205,31675,31291
2x TP2,282,85.6,21.4,11.7,0.1,31571,31205,31675,31291
2x TP2,286,85.7,21.4,11.7,0.1,31571,31205,31675,31291
2x TP2,289,85.7,21.4,11.7,0.1,31571,31205,31675,31291
2x TP2,293,85.7,21.4,11.7,0.1,31571,31205,31675,31291
2x TP2,296,85.7,21.4,11.7,0.1,31571,31205,31675,31291
2x TP2,300,85.7,21.4,11.6,0.1,31571,31205,31675,31291
2x TP2,304,85.7,21.4,11.7,0.1,31571,31205,31675,31291
2x TP2,307,85.7,21.4,11.7,0.1,31571,31205,31675,31105
2x TP2,311,85.7,21.4,11.7,0.1,31385,31205,31675,31291
2x TP2,315,85.7,21.4,11.7,0.1,31571,31019,31675,31291
2x TP2,318,85.7,21.4,11.6,0.1,31571,31205,31675,31291
2x TP2,322,85.7,21.4,11.6,0.1,31475,18011,31675,31291
2x TP2,325,98.5,13.7,6.9,0.1,759,588,31675,31291
